BTC,bitcoin
ETH,ethereum
USDT,tether
BNB,binance-coin
USDC,usd-coin
XRP,xrp
ADA,cardano
MATIC,polygon
DOGE,dogecoin
SOL,sola-token
BUSD,binance-usd
DOT,polkadot
SHIB,shiba-inu
TRX,tron
LTC,litecoin
AVAX,avalanche
DAI,multi-collateral-dai
UNI,uniswap
WBTC,wrapped-bitcoin
LINK,chainlink
LEO,unus-sed-leo
ATOM,cosmos
ETC,ethereum-classic
OKB,okb
XMR,monero
BCH,bitcoin-cash
FIL,filecoin
XLM,stellar
LDO,lido-dao
TUSD,trueusd
NEAR,near-protocol
CRO,crypto-com-coin
VET,vechain
ICP,internet-computer
QNT,quant
ALGO,algorand
STX,stox
BTCB,bitcoin-bep2
GRT,the-graph
FTM,fantom
EOS,eos
CFX,conflux-network
MANA,decentraland
XTZ,tezos
AAVE,aave
FLOW,flow
THETA,theta
EGLD,elrond-egld
AXS,axie-infinity
SAND,the-sandbox
HBAR,hedera-hashgraph
NEO,neo
KCS,kucoin-token
USDP,paxos-standard
ZEC,zcash
CHZ,chiliz
RPL,rocket-pool
CRV,curve-dao-token
MINA,mina
KLAY,klaytn
BSV,bitcoin-sv
CAKE,pancakeswap
SNX,synthetix-network-token
MKR,maker
DASH,dash
HT,huobi-token
FXS,frax-share
AGIX,singularitynet
XEC,ecash
MIOTA,iota
GT,gatetoken
RNDR,render-token
TWT,trust-wallet-token
LRC,loopring
RUNE,thorchain-erc20
ZIL,zilliqa
KAVA,kava
FTT,farmatrust
1INCH,1inch
MASK,mask-network
ENJ,enjin-coin
DYDX,dydx
CVX,convex-finance
XDC,xinfin-network
CSPR,casper
BAT,basic-attention-token
XEM,nem
QTUM,qtum
WOO,wootrade
ROSE,oasis-network
NEXO,nexo
ANKR,ankr
FET,fetch
TFUEL,theta-fuel
RVN,ravencoin
COMP,compound
CELO,celo
HOT,hydro-protocol
GALA,gala
FEI,fei-protocol
BAL,balancer
OMG,omg
YFI,yearn-finance
CDT,blox
INJ,injective-protocol
DCR,decred
AR,arweave
KSM,kusama
BTG,bitcoin-gold
DFI,defichain
AUDIO,audius
GNO,gnosis-gno
ONE,menlo-one
SUSHI,sushiswap
WAVES,waves
GLM,golem-network-tokens
IOTX,iotex
JST,just
OCEAN,ocean-protocol
HIVE,hive-blockchain
KDA,kadena
BAND,band-protocol
SC,siacoin
ICX,icon
ONT,ontology
HNT,helium
IOST,iostoken
ZRX,0x
XYM,symbol
CHSB,swissborg
ELON,dogelon
CKB,nervos-network
RSR,reserve-rights
SKL,skale-network
ELF,aelf
LPT,livepeer
WAXP,wax
AMP,synereo
KEEP,keep-network
POLY,polymath-network
ILV,illuvium
RIF,rsk-infrastructure-framework
NXM,nxm
STORJ,storj
DGB,digibyte
CELR,celer-network
KNC,kyber-network
API3,api3
TEL,telcoin
ZEN,horizen
UMA,uma
LSK,lisk
OMI,ecomi
TRAC,origintrail
PLA,playdapp
LYXE,lukso
SYS,syscoin
RLC,rlc
PUNDIX,pundix-new
METIS,metisdao
TRIBE,tribe
COCOS,cocos-bcx
REN,ren
CFG,centrifuge
XNO,xeno-token
CVC,civic
NMR,numeraire
DENT,dent
EWT,energy-web-token
SCRT,secret
JOE,joe
CHR,chromia
SNT,status
VGX,voyager-token
PYR,vulcan-forged-pyr
DEXE,dexe
CTSI,cartesi
ONG,ontology-gas
REQ,request
REP,augur
MNW,morpheus-network
ANT,aragon
RAD,radicle
MBOX,mobox
ARDR,ardor
ORBS,orbs
STEEM,steem
POWR,power-ledger
ALPHA,alpha-finance-lab
DODO,dodo
COTI,coti
STPT,standard-tokenization-protocol
VTHO,vethor-token
BNT,bancor
ERG,ergo
PROM,prometeus
TRU,truefi-token
DUSK,dusk-network
POND,marlin
WIN,wink
NKN,nkn
PHA,phala-network
ABBC,abbc-coin
CQT,covalent
MTL,metal
STRAX,stratis
ALICE,myneighboralice
MDX,mdex
LOOM,loom-network
FUN,funtoken
LCX,lcx
QKC,quarkchain
PENDLE,pendle
RLY,rally
BFC,bifrost
VRA,verasity
UOS,ultra
YGG,yield-guild-games
SRM,serum
TLM,alien-worlds
WRX,wazirx
RACA,radio-caca
XYO,xyo
OXT,orchid
CTK,certik
REEF,reef
STMX,stormx
OGN,origin-protocol
ARPA,arpa-chain
BADGER,badger-dao
GHST,aavegotchi
SUN,sun-token
ATA,automata-network
LAT,platon
PERP,perpetual-protocol
KEY,key
MOVR,moonriver
IRIS,irisnet
SXP,swipe
NEST,nest-protocol
AERGO,aergo
LINA,lina
WAN,wanchain
XPRT,persistence
MBL,moviebloc
AMPL,ampleforth
CTXC,cortex
TOMO,tomochain
FORTH,ampleforth-governance-token
MXC,mxc
KLV,klever
VLX,velas
STRK,strike
SUPER,supercoin
UTK,utrust
UQC,uquid-coin
XVG,verge
RAY,raydium
LIT,litentry
LTO,lto-network
MLN,enzyme
MDT,measurable-data-token
POLS,polkastarter
DPI,defi-pulse-index
TLOS,telos
QUICK,quickswap
VELO,velo
WXT,wirex-token
YFII,yearn-finance-ii
RARE,superrare
QLC,qlink
POLIS,star-atlas-polis
TT,thunder-token
TVK,terra-virtua-kolect
SDAO,singularitydao
BTM,bytom
AKT,akash-network
IDEX,idex
ALCX,alchemix
WNCG,wrapped-ncg
GAS,gas
KP3R,keep3rv1
DIA,dia
SWAP,trustswap
BTS,bitshares
WILD,wilder-world
FIS,stafi
KMD,komodo
AVA,travala
BOND,barnbridge
ASD,bitmax-token
TROY,troy
BEL,bella-protocol
CHESS,tranchess
CAPS,ternoa
ORN,orion-protocol
CLV,clover
EXRD,radix
AGLD,adventure-gold
BLZ,bluzelle
MPL,maple
DEGO,dego-finance
DF,dforce
AIOZ,aioz-network
WOZX,efforce
HERO,metahero
DATA,streamr
COS,contentos
NULS,nuls
LON,tokenlon-network-token
ROUTE,router-protocol
DEXT,dextools
ADX,adx-net
KAI,kardiachain
FIRO,firo
FIO,fio-protocol
TRB,tellor
NEBL,neblio
PSG,paris-saint-germain-fan-token
HARD,hard-protocol
UNFI,unifi-protocol-dao
PIVX,pivx
AE,aeternity
SDN,shiden-network
FARM,harvest-finance
RARI,rarible
PRE,presearch
DREP,drep-new
VITE,vite
HTR,hathor
XPR,proton
RMRK,rmrk
FSN,fusion
FRONT,frontier
DNT,district0x
CET,coinex-token
UBT,unibright
PRQ,parsiq
PNK,kleros
HNS,handshake
HAI,hackenai
RFOX,redfox-labs
SOUL,phantasma
AKRO,akropolis
RAINI,rainicorn
VIB,viberate
DX,dxchain-token
FIDA,bonfida
DBC,deepbrain-chain
DOCK,dock
FOR,the-force-protocol
PERL,perlin
OM,mantra-dao
PLU,pluton
WTC,waltonchain
ASM,assemble-protocol
STC,student-coin
AST,airswap
UNCX,uncx
MIX,mixmarvel
SOLVE,solve
AMB,amber
CVP,powerpool
DPR,deeper-network
SUKU,suku
UFT,unilend
OAX,oax
PDEX,polkadex
NIM,nimiq
DAD,dad
SOCKS,unisocks
KAR,karura
OOE,openocean
DVI,dvision-network
ZKS,zkswap
FOX,fox-token
BURGER,burger-swap
NRG,energi
DAFI,dafi-protocol
PKF,polkafoundry
PUSH,epns
LSS,lossless
ORAI,oraichain-token
XOR,sora
STOS,stratos
SERO,super-zero-protocol
GOVI,govi
DFYN,dfyn-network
MAN,matrix-ai-network
HAPI,hapi-one
CRPT,crpt
KIN,kin
DSLA,dsla-protocol
CUDOS,cudos
BOA,bosagora
XED,exeedme
WICC,waykichain
PZM,prizm
TORN,torn
NFT,apenft
PBR,polkabridge
MIR,mirror-protocol
CELL,cellframe
DOV,dovu
GRIN,grin
WHALE,whale
CGG,chain-guardians
VAI,vai
VSYS,v-systems
ARV,ariva
XRT,robonomics-network
SHR,sharetoken
GLCH,glitch
TITAN,titanswap
EVZ,electric-vehicle-zone
POLK,polkamarkets
HIBS,hiblocks
SLIM,solanium
PCX,chainx
GHX,gamercoin
BEAM,beam
SFI,saffron-finance
XMON,xmon
MTV,multivac
ROOBEE,roobee
VSP,vesper
FRM,ferrum-network
TRIAS,trias-token
LITH,lithium
TARA,taraxa
REVV,revv
CARD,cardstack
INSUR,insurchain
WABI,wabi
SKEY,smartkey
MUSE,muse
MAHA,mahadao
TOWER,tower-token
LAMB,lambda
MTH,monetha
WOM,wom-protocol
PICKLE,pickle-finance
UBX,ubix-network
SEELE,seele
ZEE,zeroswap
KONO,konomi-network
CRU,crust
OLT,oneledger
SWINGBY,swingby
RFUEL,rio-defi
LABS,labs-group
JULD,julswap
LYM,lympo
CWS,crowns
PMON,polkamon
ALPACA,alpaca-finance
LAYER,unilayer
RIO,realio-network
MONI,monsta-infinite
ODDZ,oddz
SLP,small-love-potion
TNB,time-new-bank
GNX,genaro-network
STRONG,strong
NBS,new-bitshares
WEST,waves-enterprise
UMB,umbrella-network
ACT,achain
MARSH,unmarshal-token
CONV,convergence
ACE,acent
FLM,flamingo
HYVE,hyve
PAXG,pax-gold
FLUX,flux
DEC,decentr
VIDY,vidy
INXT,internxt
BIX,bibox-token
BTTOLD,bittorrent
ROOK,keeperdao
KEX,kira-network
XCUR,curate
YFL,yflink
TIDAL,tidal-finance
ACH,alchemy-pay
PTF,powertrade-fuel
FORM,formation-fi
FTI,fanstime
EDG,edgeless
LQTY,liquity
ANC,anchor-protocol
DERI,deri-protocol
LUNC,terra-luna
BNX,binaryx
HEX,hex
BAKE,bakerytoken
SFP,safepal
TKO,tokocrypto
VIDT,vidt-datalink
XAUT,tether-gold
SFUND,seedify-fund
XCAD,xcad-network
INDEX,index-cooperative
INST,instadapp
DPET,my-defi-pet
UFO,uniform-fiscal-object
XVS,venus
UNO,unobtanium
HOPR,hopr
MTRG,meter-governance
SPELL,spell-token
HTB,hotbit-token
ZCX,unizen
CXO,cargox
YOOSHI,yooshi
RBC,rubic
NAOS,naos-finance
SX,sportx
HOTCROSS,hot-cross
XAVA,avalaunch
KINE,kine
PREMIA,premia
GMEE,gamee
STETH,steth
DELTA,delta-chain
BIT,first-bitcoin
FRAX,frax
GUSD,gemini-dollar
WEMIX,wemix
KARMA,karma-eos
BLN,bolenum
AT,aware
SNM,sonm
LUSD,liquity-usd
MX,mx-token
OSMO,osmosis
RBN,ribbon-finance
MED,medibloc
BCN,bytecoin-bcn
BTRST,braintrust
CFI,cofound-it
DKA,dkargo
OHM,olympus
CEL,celsius
TIME,chrono-tech
FX,function-x
MLK,milk-alliance
CEEK,ceek-vr
WNXM,wrapped-nxm
ARRR,pirate-chain
SOLO,sologenic
DAG,constellation
SSX,somesing
CBK,cobak-token
AXEL,axel
CRE,cybereits
VRSC,veruscoin
MFT,mainframe
ETN,electroneum
MOC,moss-coin
SUSD,susd
CUSD,celo-dollar
DXD,dxdao
BAR,fc-barcelona-fan-token
PRO,propy
BCD,bitcoin-diamond
GRS,groestlcoin
LIFE,life
NOIA,syntropy
RAMP,ramp
AQT,alpha-quark-token
MONA,monacoin
RFR,refereum
YLD,yield-app
OUSD,origin-dollar
COVAL,circuits-of-value
GAFI,gamefi
ERN,ethernity-chain
BNANA,chimpion
BAX,babb
ICHI,ichi
CREAM,cream-finance
ELA,elastos
HEZ,hermez-network
MET,metronome
BPT,blockport
GYEN,gyen
DIVI,divi
MNGO,mango-markets
POOLZ,poolz-finance
RVP,revolution-populi
GNY,gny
BSCPAD,bscpad
XHV,haven-protocol
PROS,prosper
FUSE,fuse-network
ALEPH,aleph-im
SAITO,saito
DORA,dora-factory
HYDRA,hydra
ALBT,allianceblock
BEPRO,bepro-network
HEGIC,hegic
TABOO,taboo-token
MATH,math
ABT,arcblock
SWTH,switcheo
QSP,quantstamp
CIV,civilization
SIX,six
BASIC,basic
KRL,kryll
JUV,juventus-fan-token
KAN,bitkan
KAT,kambria
NFTX,nftx
HOGE,hoge-finance
QRL,quantum-resistant-ledger
DDX,derivadao
BABY,babyswap
URUS,urus
ZNN,zenon
SENSO,senso
ZCN,0chain
GO,gochain
STAKE,xdai
MITX,morpheus-labs
APL,apollo-currency
K21,k21
XCP,counterparty
TONE,te-food
GAL,galatasaray-fan-token
BAN,banano
NSBT,neutrino-system-base-token
QASH,qash
RING,darwinia-network
PNG,pangolin
XMC,monero-classic
NWC,newscrypto
KOK,keystone-of-opportunity-knowledge
CAS,cashaa
RAI,rai
REAP,reapchain
LTX,lattice-token
SAI,single-collateral-dai
LBC,library-credit
ONX,onix
ASR,as-roma-fan-token
DHT,dhedge-dao
ZYN,zynecoin
SPC,spacechain
MOOV,dotmoovs
VISR,visor-finance
IGNIS,ignis
WIKEN,project-with
JUP,jupiter
DVPN,sentinel
SHFT,shyft-network
BONDLY,bondly
FOAM,foam
BAAS,baasid
ID,everest
VIDYA,vidya
XDB,digitalbits
DRGN,dragonchain
SYLO,sylo
PI,pchain
SWFTC,swftcoin
KYL,kylin
WIT,witchain
HC,harvest-masternode-coin
NFTB,nftb
JGN,juggernaut
GSWAP,gameswap
SNC,suncontract
SPI,shopping
PPT,populous
SAN,santiment
MATTER,antimatter
FKX,fortknoxster
VID,videocoin
XEND,xend-finance
ABYSS,abyss
LGCY,lgcy-network
PAY,tenx
BSTY,globalboost-y
SALT,salt
SNTVT,sentivate
RAZOR,razor-network
CUMMIES,cumrocket
BFT,bnktothefuture
MITH,mithril
ENQ,enecuum
BLT,bloomtoken
MOBI,mobius
ERSDL,unfederalreserve
SUTER,suterusu
NEW,newton
ALY,ally
IDLE,idle
DIGG,digg
TOP,top
SHA,safe-haven
MAPS,maps
AOA,aurora
EFX,effect-ai
EPK,epik-protocol
DDIM,duckdaodime
XAUR,xaurum
NAS,nebulas-token
SRK,sparkpoint
DOGGY,doggy
SHROOM,niftyx-protocol
GMB,gamb
BIRD,bird-money
FREE,free-coin
MTA,meta
STAR,starbase
XWG,x-world-games
RDN,raiden-network-token
LBA,libra-credit
IDV,idavoll-network
PAID,paid-network
CS,credits
TCT,tokenclub
CRON,cryptocean
BLANK,blank-wallet
SMT,smartmesh
RCN,ripio-credit-network
PLR,pillar
IQN,iqeon
EQZ,equalizer
PAT,patron
MDA,moeda-loyalty-points
CPC,cpchain
CBC,cashbery-coin
AME,amepay
MPH,88mph
EM,eminer
TFBX,truefeedback
EGT,egretia
NIF,unifty
AIT,aichain
SLICE,tranche-finance
LET,linkeye
WHITE,whiteheart
OPCT,opacity
FARA,faraland
TXL,tixl-new
OCTO,octofi
BMI,bridge-mutual
ESS,essentia
ROOM,optionroom
UNISTAKE,unistake
HPB,high-performance-blockchain
TKY,thekey
RAZE,raze-network
BUY,burency
GVT,genesis-vision
PROPS,props
KCASH,kcash
TIPS,fedoracoin
PST,primas
INK,ink
NGM,e-money-coin
DDD,scryinfo
SWOP,swop
ORC,orbit-chain
OST,ost
GTC,game
HVN,hiveterminal-token
MTN,medical-chain
DEPAY,depay
BANK,float-protocol
OCN,odyssey
OPIUM,opium
EZ,easyfi
BTO,bottos
SWM,swarm-network
HGET,hedget
ENG,enigma-project
RATING,dprating
ELEC,electrifyasia
SKM,skrumble-network
HIT,hitchain
FSW,fsw-token
COFI,coinfi
ASTRO,astroswap
NCASH,nucleus-vision
FCL,fractal
EOSDAC,eosdac
FUEL,etherparty
FXF,finxflo
XIO,blockzerolabs
OCT,oraclechain
RED,redcoin
FINE,refinable
DPY,delphy
CAPP,cappasity
MDS,medishares
NRV,nerve-finance
UUU,u-network
NIOX,autonio
APYS,apyswap
RUFF,ruff
SAKE,sake-token
GARD,hashgard
QBT,cubits
IHT,iht-real-estate-protocol
ZPT,zeepin
DLT,agrello-delta
BNTY,bounty0x
BRY,berry-data
TNC,tnc-coin
GS,genesis-shards
HSC,hashcoin
REM,remme
TSL,energo
GEM,gems-protocol
ZSC,zeusshield
SENC,sentinel-chain
FIC,filecash
PKT,playkey
SIG,xsigma
AMM,micromoney
ADI,aditus
STEP,step-finance
FDZ,friends
EGG,nestree
BTW,bitwhite
JET,jetcoin
SKIN,skincoin
DGTX,digitex
CORE,cvault-finance
DG,decentral-games
SWRV,swerve
TOK,tokugawa
GAM,gambit
OLY,olyseum
AAA,abulaba
APY,apy-finance
BAC,basis-cash
ADP,adappter-token
MUTE,mute
FLEX,flex
USTC,terrausd
EPS,ellipsis
BDX,beldex
BNS,bns-token
DERO,dero
BTCST,btc-standard-hashrate-token
SALE,dxsale-network
GXC,gxchain
TDX,tidex-token
HXRO,hxro
ZLW,zelwin
ZOON,cryptozoon
SPANK,spankchain
DINO,dino
BBT,bitbook
BEST,bitpanda-ecosystem-token
CHAIN,chain-games
TALK,talken
LOC,lockchain
LPOOL,launchpool
BSCS,bsc-station
TOKE,tokemak
MER,mercury
MAT,my-master-war
NAFT,nafter
HMR,homeros
10SET,tenset
SEUR,seur
PBTC35A,pbtc35a
WSG,wall-street-games
PNODE,pinknode
CARDS,card-starter
KIRO,kirobo
TRONPAD,tronpad
MT,mytoken
POLYDOGE,polydoge
MIM,magic-internet-money
C3,charli3
TBTC,tbtc
XDEFI,xdefi-wallet
SAFEMARS,safemars
BAS,basis-share
KIF,kittenfinance
SBTC,super-bitcoin
DCY,dinastycoin
MIS,mithril-share
XIN,infinity-economics
ARMOR,armor
SASHIMI,sashimi
WOOP,woonkly-power
LEMO,lemochain
BCX,bitcoinx
SOP,sopay
GSE,gsenetwork
BCDN,blockcdn
BIFI,beefy-finance
GOD,bitcoin-god
CVNT,content-value-network
SAFEMOON,safemoon
BNK,bankera
VBTC,venus-btc
DEUS,deuscoin
ULT,ultiledger
EURS,stasis-euro
DAWN,dawn-protocol
XP,experience-points
RENBTC,renbtc
MVL,mvl
NU,nucypher
HUM,humanscape
VERI,veritaseum
ARK,ark
XSGD,xsgd
GFT,gifto
BTCS,bitcoin-scrypt
REV,rchain
ZENI,zennies
HUNT,hunt
META,metadium
DEP,deapcoin
CENNZ,centrality
NMC,namecoin
EROWAN,sifchain
INSTAR,insights-network
NCT,polyswarm
GET,get-protocol
PPC,peercoin
EDO,eidoo
APM,apm-coin
DEV,deviantcoin
KDAG,king-dag
BTSE,btse
XTP,tap
VTC,vertcoin
IHF,invictus-hyperion-fund
PART,particl
VEE,blockv
NYE,newyork-exchange
OXEN,oxen
CLO,callisto-network
ARIA20,arianee-protocol
XPX,proximax
AVT,aventus
LOTTO,lotto
AWC,atomic-wallet-coin
MYST,mysterium
ATRI,atari-token
RGT,rari-governance-token
TEN,tokenomy
PEAK,peakdefi
PROB,probit-token
RAIN,condensate
TRV,trustverse
BTR,bitrue-coin
NXT,nxt
BTX,bitcore
BTCR,bitcurrency
PND,pandacoin-pnd
BIP,minter-network
OPT,opus
COV,covesting
DGX,digix-gold-token
FMF,formosa-financial
TKN,tokencard
LCC,litecoin-cash
CTCN,contracoin
CND,cindicator
MHC,metahash
GAME,gamecredits
EXNT,exnetwork-token
XTN,neutrino-usd
VDG,veridocglobal
ETP,metaverse
BELT,belt
DAX,daex
MSB,misbloc
SMI,safemoon-inu
ATT,attila
MFG,smart-mfg
NPXSXEM,pundi-x-nem
VEX,vexanium
CVT,cybervein
DCN,dentacoin
DAV,dav-coin
DOUGH,piedao-dough-v2
TRADE,unitrade
BITS,bitswift
GSC,global-social-chain
DUCK,duck-dao
TKING,tiger-king
PLAY,herocoin
SUMO,sumokoin
BOB,bobs-repair
XBC,bitcoin-plus
PPAY,plasma-finance
SMART,smartcash
HMQ,humaniq
ZAP,zap
OXY,oxygen
TOL,tolar
ORS,ors-group
DBET,decent-bet
VIBE,vibe
PTOY,patientory
BHD,bitcoinhd
HTML,html-coin
CC,campuscoin
CSP,caspian
S4F,s4fe
KRB,karbo
HAKKA,hakka-finance
XDN,digitalnote
CURE,curecoin
UMX,unimex-network
BOX,box-token
GEN,daostack
MASS,massnet
MARK,benchmark-protocol
BTCP,bitcoin-private
IPX,tachyon-protocol
EVX,everex
XCASH,x-cash
SNB,synchrobitcoin
YEE,yee
BCPT,blockmason
TERA,tera
TKS,tokes
BITG,bitcoin-green
POLL,clearpoll
ZXC,0xcert
UBEX,ubex
UIP,unlimitedip
YOC,yocoin
MAS,midasprotocol
ELAMA,elamachain
SWING,swing
GEO,geocoin
BDG,bitdegree
YAXIS,yaxis
ATMOS,atmos
L2,leverj-gluon
INN,innova
BPS,bitcoinpos
IFT,investfeed
EVIL,evil-coin
ARCT,arbitragect
AIX,aigang
IPL,insurepal
DTH,dether
TON,tokamak-network
EGC,evergreencoin
EVC,eventchain
EKO,echolink
DATX,datx
BPL,blockpool
BBC,b2bcoin
MXT,martexcoin
BDP,big-data-protocol
BLOCK,blocknet
NAVI,naviaddress
ARNX,aeron
INFS,infinity-esaham
EUNO,euno
APX,apx
ARC,arcticcoin
TPAY,tokenpay
REW,rewardiqa
DUO,parallelcoin
HBC,homeblockcoin
XDNA,xdna
SKC,skeincoin
POA,poa
HODL,hodlcoin
DGD,digixdao
PSWAP,polkaswap
UBSN,silent-notary
ANY,anyswap
TSHP,12ships
MINT,mintcoin
PLANETS,planetwatch
IZE,ize
HYDRO,hydro
YELD,yeld-finance
ECC,eccoin
BAO,bao-finance
VISION,apy-vision
BOTX,botxcoin
GFARM2,gains-farm-v2
YCC,yuan-chain-coin
PUSSY,pussy-financial
HEDG,hedgetrade
CAP,cap
BURN,burn
MAID,maidsafecoin
KEK,cryptokek
GZIL,governance-zil
BZRX,bzx-protocol
GERO,gerowallet
ICH,idea-chain-coin
MBX,mobiepay
GTN,glitzkoin
DRS,digital-rupees
BCHA,bitcoin-cash-abc-2
BRC,baer-chain
DFY,defi-for-you
NEC,nectar
UTT,uttoken
MIN,mindol
XUC,exchange-union
LED,ledgerscore
BETA,beta
O3,o3swap
SNOW,snow
SURE,sure
DIP,dip
CANDY,candy
,
0XBTC,0xbtc
1WO,1world
2GIVE,2give
ETHBULL,3x-long-ethereum-token
42,42-coin
KWATT,4new
808,808coin
8BIT,8bit
EXE,8x8-protocol
RTB,ab-chain-rtb
AC3,ac3
ACC,adcoin
ACED,aced
ACS,acryptos
ADB,adbank
ADH,adhive
ADT,adtoken
XXX,adultchain
AIB,advanced-internet-blocks
ADZ,adzcoin
AEG,aegeus
AEON,aeon
AGA,aga
AID,aidcoin
AIDOC,aidoc
ADK,aidos-kuneen
ALI,ailink-token
AION,aion
ABL,airbloc
AKY,akuya-coin
ALX,alax
SDS,alchemint-standards
ALIS,alis
ALL,allion
ASAFE,allsafe
SOC,all-sports
ABC,alphabitcoinfund
ACAT,alphacat
AMLT,amlt
AMMO,ammo-reloaded
AMO,amo-coin
AMN,amon
AMS,amsterdamcoin
ACP,anarchistsprime
ANW,anchor-neural-world
AVH,animation-vision-cash
ANI,animecoin
ANKRETH,ankreth
RYZ,anryze
CPX,apex
APH,aphelion
APIS,apis
XAP,apollon
APPC,appcoins
APR,apr-coin
ARCO,aquariuscoin
ANJ,aragon-court
ACTP,archetypal-network
ARDX,ardcoin
ARG,argentum
ARGUS,argus
ARI,aricoin
ARION,arion
ARLIZE,arlize
ABY,artbyte
XAS,asch
ADCN,asiadigicoin
ASTA,asta
ATX,aston
ATB,atbcoin
ATCC,atc-coin
ATL,atlant
ATN,atn
ATMI,atonomi
AUC,auctus
ADC,audiocoin
AUR,auroracoin
AURA,aurora-dao
AU,aurumcoin
ACN,avoncoin
AXN,axion
B2B,b2bx
BANCA,banca
BKX,bankex
BBN,banyan-network
BASID,basid-coin
BSN,bastonet
BTA,bata
BITB,bean-cash
BEE,bee-token
BELA,belacoin
BENJI,benjirolls
BWF,beowulf
BET,dao-casino
BETR,betterbetting
BZNT,bezant
BEZ,bezop
BHP,bhp-coin
BBP,biblepay
BIDR,binance-idr
BBO,bigbom
BIGUP,bigup
BIKI,biki
TRYB,bilira
XBL,billionaire-token
BIO,biocoin
BIOT,biopassport-token
BTRN,biotron
BIRDS,birds
BIS,bismuth
BTRS,bitball-treasure
BTB,bitbar
BAY,bitbay
BBK,brickblock
BCV,bitcapitalvendor
CAT,catcoin
BTDX,bitcloud
BEN,bitcoen
BCF,bitcoinfast
XBI,bitcoin-incognito
BCI,bitcoin-interest
BTPL,bitcoin-planet
BTCRED,bitcoin-red
BCY,bitcrystals
BDL,bitdeal
CSNO,bitdice
BF,bitforex-token
BMX,bitmart-token
BQ,bitqy
BRO,bitradio
RNTB,bitrent
BITX,bitscreener-token
BSD,bitsend
BSR,bitsoar
BSTN,bitstation
BXT,bittokens
TUBE,bit-tube
ZNY,bitzeny
BZ,bit-z-token
BLK,blackcoin
BMC,blackmoon
BLAZR,blazercoin
XBP,blitzpredict
ARY,block-array
BQT,blockchain-quotations-index-token
LNC,blocklancer
BMH,blockmesh
BND,blocknode
TIX,blocktix
BTT,blocktrade
BLCT,bloomzed-token
BLUE,ethereum-blue
BOAT,doubloon
BOT,bodhi
BOE,bodhi-eth
BOLI,bolivarcoin
BON,bonpay
BORA,bora
BOR,boringdao
BOS,boscoin
AHT,bowhead
BOXX,boxx-token-blockparty
BRM,brahmaos
BRD,bread
BRK,breakout
BRX,breakout-stake
BRG,bridge-oracle
BRIT,britcoin
BNN,brokernekonetwork
BRAT,brat
BTU,btu-protocol
BUBO,budbo
BWK,bulwark
BUMBA,bumbacoin
BU,bumo
BUNNY,pancakebunny
BURST,burst
BUZZ,buzzcoin
BREW,cafeswap-token
C4G3,cage
CDN,canada-ecoin
CANN,cannabiscoin
CNNC,cannation
CZR,cononchain
CAN,content-and-ad-network
CPS,capricoin
CAR,carblock
CIT,carinet
CV,carvertical
CSC,casinocoin
CCA,counos-coin
CCXX,counos-x
CEDEX,cedex-coin
CFUN,cfun
CHX,own
CAG,change
CHAT,chatcoin
CHI,chi-gastoken
CHIPS,chips
DAY,chronologic
CTL,citadel
CLAM,clams
XCLR,clearcoin
CLOAK,cloakcoin
CLBK,cloudbric
CLUB,clubcoin
COB,cobinhood
CFC,coffeecoin
CTIC3,coimatic-3
CL,coinlancer
MEET,coinmeet
XCM,coinmetro-token
CNO,coin
CXT,coinonat
XCXT,coinonatx
CHP,coinpoker
ZOOM,coinzoom
COLX,colossusxt
CLN,colu-local-network
CMT,cybermiles
CBT,commerceblock
CDC,commerce-data-connection
CDX,commodity-ad-network
CZRX,compound-0x
CETH,compound-ether
CUSDT,compound-usdt
CMS,comsa-xem
CCC,concierge-coin
CDM,condominium
CONI,coni
CJT,connectjob
CSM,consentium
CNN,content-neutrality-network
CNET,contractnet
CPY,copytrack
COSM,cosmo-coin
COSS,coss
COU,couchain
COUPE,coupecoin
CRAVE,crave
CRM,cream
CREA,creativecoin
CRDNC,credence-coin
CTC,cybertronchain
CREDO,credo
CREVA,crevacoin
CROP,cropcoin
CMCT,crowd-machine
CRW,crown
CRC,crycash
CPT,cryptaur
C20,c20
CCRB,cryptocarbon
CHE,crypto-harbor-exchange
CIF,crypto-improvement-fund
CJ,cryptojacks
CNX,cryptonex
XCN,cryptonite
CPAY,cryptopay
CEFS,cryptopiafeeshares
CST,cryptosolartech
CCT,crystal-clear
CUT,cutcoin
CVN,cvcoin
CYFM,cyberfm
CYMT,cybermusic
CYDER,cyder
DACC,dacc
DACS,dacsee
DADI,dadi
DALC,dalecoin
DAN,daneel
DAO,dao-maker
DAPS,daps-token
DMCH,darma-cash
KED,darsek
DTB,databits
DTC,datacoin
DXT,datawallet
DAT,datum
DAC,davinci-coin
DBTC,debitcoin
DEB,debitum-network
DCT,decent
HST,decision-token
DTEP,decoin
ONION,deeponion
DEEX,deex
DSR,desire
DEM,deutsche-emark
EVE,devery
DEW,dew
DMD,diamond
DGC,digitalcoin
DIT,digital-insurance-token
DMB,digital-money-bits
DP,digitalprice
DIG,dignity
DIM,dimcoin
DIME,dimecoin
DIN,dinero
DPN,dipnet
DCC,distributed-credit-chain
DMT,dmarket
DMG,dmm-governance
MTC,mtc-mesh-network
DOLLAR,dollar-online
DRT,domraider
DOPE,dopecoin
DOR,dorado
AAC,acute-angle-cloud
DFT,draftcoin
DRG,dragon-coins
DGS,dragonglass
DVC,dragonvein
DROP,dropil
DRXNE,droxne
DBIX,dubaicoin-dbix
DUCATO,ducato-protocol-token
DUTCH,dutch-coin
DWS,dws
DYN,dynamic
DMC,dynamiccoin
DTR,dynamic-trading-rights
DTEM,dystem
EAC,earthcoin
EARTH,earth-token
EAURIC,eauric
EBC,ebcoin
EBTC,ebtcnew
EBT,ebittree-coin
EBST,eboostcoin
EDR,endor-protocol
EDRC,edrcoin
EKT,educare
LEDU,education-ecosystem
EDU,edu-coin
EFL,e-gulden
EMC2,einsteinium
EJOY,ejoy
XEL,elastic
EL,elysia
ECA,electra
XEP,electra-protocol
EPC,electronic-pk-chain
ELE,elementrem
ELI,eligma-token
EUM,elitium
ELIX,elixir
ELLA,ellaism
ELY,elysian
EMB,embercoin
MBRS,embers
EMD,emerald
EMC,emercoin
EMRX,emirex-token
EPY,emphy
ESD,empty-set-dollar
DNA,metaverse-dualchain-network-architecture
ETT,encryptotel
EDS,endorsit
ETK,energitoken
ENGT,engagement-token
XNG,enigma
ENT,eternity
BLACK,eosblack
EOSC,eos-force
EPIC,epic-cash
EQL,equal
XEQ,equilibria
EQT,equitrader
ERA,blakestar
ERC20,erc20
ERT,eristica
ERO,eroscoin
ERY,eryllium
ESP,espers
EST,esports-token
ETBS,ethbits
ECASH,ethereumcash
ETHD,ethereum-dark
ETG,ethereum-gold
RIYA,etheriya
DICE,etheroll
ESN,ethersocial
ETHOS,ethos
ERC,europecoin
EVR,everus
EXC,eximchain
EXCL,exclusivecoin
EXMR,exmr
EXP,expanse
EXY,experty
EXRN,exrnchain
EZT,eztoken
FT,fabric-token
FACE,faceter
FCT,factom
FAIR,fairgame
FANS,fantasy-cash
FGC,fantasygold
FCN,fantomcoin
FAP,fapcoin
FTC,feathercoin
FEG,fegtoken
FO,fibos
FNX,finnexus
FTX,fintrux-network
FLOT,fire-lotto
BITCF,first-bitcoin-capital
1ST,firstblood
FLETA,fleta
FLIK,flik
FLP,flip
FLIXX,flixxo
FLO,flourmix
FYP,flypme
FNB,fnb-protocol
FNKOS,fnkos
FLDC,foldingcoin
FLG,folgory-coin
FONZ,fonziecoin
FOOD,food
FORK,forkcoin
FOTA,fortuna
FSBT,forty-seven-bank
FREED,trumpcoin
FWT,freeway-token
FREC,freyrchain
FJC,fujicoin
NTO,fujinto
FTXT,futurax
FXC,futurexcrypto
FTO,futurocoin
FXT,fuzex
FUZZ,fuzzballs
GNR,gainer
GCS,gamechain
GRLC,garlicoin
GZE,gazecoin
GCN,gcn-coin
GEERT,geertcoin
GIN,gincoin
GLA,gladius-token
GLT,globaltoken
GBX,gobyte
GB,goldblocks
GLC,goldcoin
GMX,goldmaxcoin
GP,goldpieces
GPKR,gold-poker
GRX,gold-reward-token
GOLF,golfcoin
GOLOS,golos
GBG,golos-gold
GOT,gonetwork
GOOD,goodomy
GRFT,graft
GRPH,graphcoin
GRE,greencoin
GRMD,greenmed
GRN,greenpower
GRID,grid
GRC,gridcoin
GRIM,grimcoin
GRWI,growers-international
GETX,guaranteed-ethurance-token-extra
HKN,hacken
HAC,hackspace-capital
HLC,halalchain
HALLO,halloween-coin
HPC,happycoin
HRC,haracoin
HMC,hi-mutual-society
HAV,havven
HAVY,havy
HDAC,hdac
WORM,healthywormcoin
HB,heartbout
HEAT,heat-ledger
HBZ,helbiz
HNC,huncoin
HGT,hellogold
THC,hempcoin
HER,heronode
HXX,hexx
XHI,hicoin
HIRE,hirematch
HOLD,hold
HONEY,honey
HOO,hoo-token
HZN,horizon-protocol
HUC,huntercoin
HBTC,huobi-btc
HPT,huobi-pool-token
HUR,hurify
HUSD,husd
HUSH,hush
HY,hybrix
HYC,hycon
HYD,internet-of-people
HYN,hyperion
HYP,hyperstake
I0C,i0coin
ICN,iconomi
IDXM,idex-membership
IDOL,idol-coin
IFOOD,ifoods-chain
IGG,ig-gold
IC,ignition
REX,imbrex
NKA,incakoin
INCNT,incent
IDH,indahash
INDI,indicoin
IFC,infinitecoin
IFLT,inflationcoin
INC,influence-chain
XNK,ink-protocol
INO,ino-coin
INSN,insanecoin-insn
INB,insight-chain
XNS,insolar
ISR,insureum
INT,int-chain
IIC,intelligent-investment-chain
ITT,intelligent-trading-foundation
INCX,internationalcryptox
ENIX,invacio
IDT,investdigital
IOC,iocoin
ION,ion
ITC,iot-chain
IOUX,iou
IOV,iov-blockchain
IPC,ipchain
IPSX,ip-exchange
IQ,iqcash
IQT,iquant
IRL,irishcoin
ITI,iticoin
ING,iungo
IVY,ivy
IXC,ixcoin
IXT,ixledger
JC,jesus-coin
J8T,jet8
JNT,jibrel-network
JIN,jin-coin
SWTC,jingtum-tech
J,joincoin
XJO,joulecoin
JOT,jury-online-token
JUL,justliquidity
KNDC,kanadecoin
KBC,karatgold-coin
KAYI,kayicoin
KIND,kind-ads-token
KGO,kiwigo
KSP,klayswap-protocol
KNT,kora-network-token
KOBO,kobocoin
KLN,kolion
KORE,korecoin
KBR,kubera-coin
KUN,kun
KURT,kurrent
KZC,kzcash
LALA,lala-world
TAU,lamden
PIX,lampix
LRG,largo-coin
LATX,latiumx
LA,latoken
LDC,leadcoin
LEAF,leafcoin
LND,lendingblock
LST,lendroid-support-token
LC4,leocoin
LUC,level-up
XLC,leviar
LEVO,levocoin
LGO,legolas-exchange
LIGHT,lightchain
LBTC,litebitcoin
LPC,lightpaycoin
LIKE,likecoin
LINDA,linda
LFC,linfinity
LKC,linkedcoin
LNK,link-platform
LINX,linx
DAPP,liquid-apps
LCP,litecoin-plus
LDOGE,litedoge
LIVE,live-stars
LWF,local-world-forwarders
LOCI,locicoin
LGS,logiscoin
LMC,lomocoin
LYL,loyalcoin
LUNA,luna-coin
LUN,lunyr
LUX,luxcoin
LKK,lykke
LYNX,lynx
MAG,maggie
XMG,magi
MAGN,magnetcoin
MGM,magnum
MFTU,mainstream-for-the-underground
MAP,map-protocol
MRK,mark-space
MARO,maro
MARS,marscoin
MGD,massgrid
MASH,masternet
MTNC,masternodecoin
MSCN,master-swiscoin
GUP,guppy
MTX,matryx
MAVRO,mavro
MXM,maximine-coin
MCO,crypto-com
MEDX,medx
MEDIC,mediccoin
MEESH,meesh-coin
MEETONE,meetone
MEC,megacoin
MEME,memetic
MVP,merculet
METM,metamorph
MRX,metrix-coin
MICRO,micromines
MILO,milocoin
MWC,mimblewimblecoin
MAI,mindsync
MNE,minereum
MRT,miners-reward-token
MINEX,minex
MNX,minexcoin
MRI,mirai
MOAC,moac
MGO,mobilego
MOD,modefi
MOIN,moin
MOJO,mojocoin
MOF,molecular-future
XMO,monero-original
MUE,monetaryunit
IMT,moneytoken
XMCC,monacocoin
AXPR,axpr-token
MOON,moonswap
MORE,more-coin
MORK,mork
MSP,mothership
MCC,moving-cloud-coin
MUSD,mstable-usd
MXX,multiplier
MUNT,gulden
MUSH,mushroom
MUSIC,musicoin
MCI,musiconomi
MST,mustangcoin
XMY,myriad
WISH,mywish
NGC,naga
NAM,nam-coin
NANJ,nanjcoin
NPX,napoleonx
NRVE,narrative
NTC,natcoin
NAV,nav-coin
NBAI,nebula-ai
NEOG,neo-gold
NEOS,neoscoin
NVT,nervenetwork
NET,netcoin
NETKO,netko
NEU,neumark
NRP,neural-protocol
NRO,neuro
NCC,neurochain
NTK,neurotoken
NTRN,neutron
NEVA,nevacoin
NDC,neverdie
NKC,nework
NPW,new-power-coin
NXC,nexium
NTY,nexty
NXS,nexus
NBC,niobium-coin
NOX,nitro
NIX,nix
NOBL,noblecoin
NOBS,no-bs-crypto
NLC,nolimitcoin
NVC,novacoin
NPER,nper
NLX,nullex
NMS,numus
OBSR,observer
ODN,obsidian
GBYTE,obyte
OC,oceanchain
OCE,oceanex-token
OCL,oceanlab
888,octocoin
ODE,odem
OF,ofcoin
OK,okcash
OMNI,omni
ECOM,omnitude
RNT,oneroot-network
ONL,on-live
OPC,op-coin
OPCX,opcoinx
SOS,opendao
OTN,open-trading-network
ORB,orbitcoin
ORMEUS,ormeus-coin
PCS,pabyosi-coin-special
PAC,pac-protocol
PAK,pakcoin
XPN,pantheon-x
PRG,paragon
PARETO,pareto-network
PASC,pascal-coin
PASL,pascal-lite
PYN,paycent
XPY,paycoin2
PDX,payday-coin
PFR,payfair
PMNT,paymon
PPP,paypie
PCL,peculium
PCN,peepcoin
GUESS,guess
PPY,peerplays-ppy
PENG,penguin-coin
PNT,penta
PEPECASH,pepe-cash
ASK,permission-coin
PTD,pesetacoin
PHI,phi-token
PXC,pixie-coin
PHX,phoenix-global
PHR,phore
PHO,photon
PIB,pibble
PINK,pinkcoin
PCOIN,pioneer-coin
SKULL,pirate-blocks
PIRL,pirl
PXL,pixel
PKG,pkg-token
PLC,polcoin
XPTX,platinumbar
PLTC,platoncoin
PLY,playcoin
PLACO,playercoin
IOG,playgroundz
PLX,plexcoin
POE,poet
PAL,policypal-network
PLBT,polybius
PCH,popchain
QQQ,poseidon-network
POST,postcoin
POS,postoken
POT,potcoin
PSM,prasm
PCM,precium
PRES,president-trump
PRS,pressone
PBT,primalbase
XPM,primecoin
PRIMU,primulon
PRX,printerium
PRA,prochain
PROC,procurrency
PUT,putincoin
PAI,project-pai
PGL,prospectors-gold
PRN,protean
PTT,proton-token
PROUD,proud-money
XES,proxeus
PBL,publica
PMA,pumapay
NPXS,pundi-x
PURA,pura
PUREX,purex
VIDZ,purevidz
PYLNT,pylon-network
QC,qcash
QNTU,quanta-utility-token
QAC,quasarcoin
QUBE,qube
QCX,quickx-protocol
QTCON,quiztok
QUN,qunqun
XQN,quotient
QURO,qurito
QVT,qvolta
QWARK,qwark
RBBT,rabbitcoin
RADS,radium
RKN,rakon
RTE,rate3
XRA,ratecoin
READ,read
RCT,realchain
REBL,rebl
RAE,receive-access-ecosystem
RDD,redd
RLX,relex
RNS,renos
